count,.pred,by5,isPred,Peak,isPeak,upper,lower
73,77.22716140950224,2024-06-03 18:00:00,0,81.70008434947772,0,NA,NA
80,73.05221132496287,2024-06-03 18:05:00,0,81.70008434947772,0,NA,NA
92,80.18855635729543,2024-06-03 18:10:00,0,81.70008434947772,0,NA,NA
95,92.93622043742558,2024-06-03 18:15:00,0,81.70008434947772,0,NA,NA
100,96.88411687510921,2024-06-03 18:20:00,0,81.70008434947772,0,NA,NA
111,100.50684856631008,2024-06-03 18:25:00,0,81.70008434947772,0,NA,NA
111,112.61790438132499,2024-06-03 18:30:00,0,81.70008434947772,0,NA,NA
121,110.2528872205448,2024-06-03 18:35:00,0,81.70008434947772,0,NA,NA
116,121.71668359561664,2024-06-03 18:40:00,0,81.70008434947772,0,NA,NA
109,114.94174433549547,2024-06-03 18:45:00,0,81.70008434947772,0,NA,NA
104,106.942175582067,2024-06-03 18:50:00,0,81.70008434947772,0,NA,NA
102,100.6838480016692,2024-06-03 18:55:00,0,81.70008434947772,0,NA,NA
102,98.12630319422249,2024-06-03 19:00:00,0,81.70008434947772,0,NA,NA
108,99.80669170788484,2024-06-03 19:05:00,0,81.70008434947772,0,NA,NA
105,107.71341964976519,2024-06-03 19:10:00,0,81.70008434947772,0,NA,NA
114,104.14819878322969,2024-06-03 19:15:00,0,81.70008434947772,0,NA,NA
109,113.28557892898661,2024-06-03 19:20:00,0,81.70008434947772,0,NA,NA
109,107.6003027392783,2024-06-03 19:25:00,0,81.70008434947772,0,NA,NA
110,107.40967246455571,2024-06-03 19:30:00,0,81.70008434947772,0,NA,NA
106,107.09884827016667,2024-06-03 19:35:00,0,81.70008434947772,0,NA,NA
109,103.54846092430321,2024-06-03 19:40:00,0,81.70008434947772,0,NA,NA
106,106.70741899976188,2024-06-03 19:45:00,0,81.70008434947772,0,NA,NA
95,103.90422565757467,2024-06-03 19:50:00,0,81.70008434947772,0,NA,NA
99,91.71932032230393,2024-06-03 19:55:00,0,81.70008434947772,0,NA,NA
91,96.26341194842861,2024-06-03 20:00:00,0,81.70008434947772,0,NA,NA
89,89.0198870550255,2024-06-03 20:05:00,0,81.70008434947772,0,NA,NA
95,87.21920888183838,2024-06-03 20:10:00,0,81.70008434947772,0,NA,NA
93,94.36098524488895,2024-06-03 20:15:00,0,81.70008434947772,0,NA,NA
89,92.93235046349605,2024-06-03 20:20:00,0,81.70008434947772,0,NA,NA
89,88.31014158398153,2024-06-03 20:25:00,0,81.70008434947772,0,NA,NA
86,87.58262543084562,2024-06-03 20:30:00,0,81.70008434947772,0,NA,NA
83,83.91106432904878,2024-06-03 20:35:00,0,81.70008434947772,0,NA,NA
85,81.37979252426133,2024-06-03 20:40:00,0,81.70008434947772,0,NA,NA
87,83.82712425948472,2024-06-03 20:45:00,0,81.70008434947772,0,NA,NA
83,86.02913727622024,2024-06-03 20:50:00,0,81.70008434947772,0,NA,NA
73,80.59669889346877,2024-06-03 20:55:00,0,81.70008434947772,0,NA,NA
78,70.04898677815646,2024-06-03 21:00:00,0,81.70008434947772,0,NA,NA
75,77.91137090982684,2024-06-03 21:05:00,0,81.70008434947772,0,NA,NA
71,74.65993007981696,2024-06-03 21:10:00,0,81.70008434947772,0,NA,NA
67,70.3730495455505,2024-06-03 21:15:00,0,81.70008434947772,0,NA,NA
66,66.10204668290645,2024-06-03 21:20:00,0,81.70008434947772,0,NA,NA
65,64.1687922681673,2024-06-03 21:25:00,0,81.70008434947772,0,NA,NA
59,63.69709473808905,2024-06-03 21:30:00,0,81.70008434947772,0,NA,NA
49,56.98702657768869,2024-06-03 21:35:00,0,81.70008434947772,0,NA,NA
45,47.381989374305356,2024-06-03 21:40:00,0,81.70008434947772,0,NA,NA
42,42.43671792130163,2024-06-03 21:45:00,0,81.70008434947772,0,NA,NA
37,39.53076011422908,2024-06-03 21:50:00,0,81.70008434947772,0,NA,NA
30,32.99864634780107,2024-06-03 21:55:00,0,81.70008434947772,0,NA,NA
14,25.033875559554218,2024-06-03 22:00:00,0,81.70008434947772,0,NA,NA
0,10.440865202086364,2024-06-03 22:05:00,0,81.70008434947772,0,NA,NA
0,-3.9227158041643078,2024-06-03 22:10:00,0,81.70008434947772,0,NA,NA
0,-2.3726634528621062,2024-06-03 22:15:00,0,81.70008434947772,0,NA,NA
0,-1.906034889401808,2024-06-03 22:20:00,0,81.70008434947772,0,NA,NA
0,-1.2756955444034077,2024-06-03 22:25:00,0,81.70008434947772,0,NA,NA
0,-1.5423603427463821,2024-06-03 22:30:00,0,81.70008434947772,0,NA,NA
0,-1.5333166936532348,2024-06-03 22:35:00,0,81.70008434947772,0,NA,NA
0,-1.5370467794478468,2024-06-03 22:40:00,0,81.70008434947772,0,NA,NA
0,-1.4167137804981245,2024-06-03 22:45:00,0,81.70008434947772,0,NA,NA
0,-1.652972849349756,2024-06-03 22:50:00,0,81.70008434947772,0,NA,NA
0,-1.4173570925316137,2024-06-03 22:55:00,0,81.70008434947772,0,NA,NA
0,-2.0184737898495038,2024-06-03 23:00:00,0,81.70008434947772,0,NA,NA
0,-1.042000859643302,2024-06-03 23:05:00,0,81.70008434947772,0,NA,NA
0,-0.8080063316664995,2024-06-03 23:10:00,0,81.70008434947772,0,NA,NA
0,0.06256916121831904,2024-06-03 23:15:00,0,81.70008434947772,0,NA,NA
0,-0.4452492676153664,2024-06-03 23:20:00,0,81.70008434947772,0,NA,NA
0,-0.40649661498305534,2024-06-03 23:25:00,0,81.70008434947772,0,NA,NA
0,-0.42616738948375515,2024-06-03 23:30:00,0,81.70008434947772,0,NA,NA
0,-0.5651697303780637,2024-06-03 23:35:00,0,81.70008434947772,0,NA,NA
0,-0.5420865987609402,2024-06-03 23:40:00,0,81.70008434947772,0,NA,NA
0,-0.4671623345000285,2024-06-03 23:45:00,0,81.70008434947772,0,NA,NA
0,-1.1098034329567166,2024-06-03 23:50:00,0,81.70008434947772,0,NA,NA
0,-1.7643168415521093,2024-06-03 23:55:00,0,81.70008434947772,0,NA,NA
0,-1.691993675087479,2024-06-04 00:00:00,0,81.70008434947772,0,NA,NA
0,-0.16315310444954806,2024-06-04 00:05:00,0,81.70008434947772,0,NA,NA
0,-0.25144142004826886,2024-06-04 00:10:00,0,81.70008434947772,0,NA,NA
0,0.2689312942948616,2024-06-04 00:15:00,0,81.70008434947772,0,NA,NA
0,-0.29779299097135026,2024-06-04 00:20:00,0,81.70008434947772,0,NA,NA
0,-0.4064960173403417,2024-06-04 00:25:00,0,81.70008434947772,0,NA,NA
0,-0.24323313367245653,2024-06-04 00:30:00,0,81.70008434947772,0,NA,NA
0,-1.3130744765546745,2024-06-04 00:35:00,0,81.70008434947772,0,NA,NA
0,-0.08570944434851432,2024-06-04 00:40:00,0,81.70008434947772,0,NA,NA
0,-0.7454854231645232,2024-06-04 00:45:00,0,81.70008434947772,0,NA,NA
0,-1.286319310741461,2024-06-04 00:50:00,0,81.70008434947772,0,NA,NA
0,-1.1598610882942635,2024-06-04 00:55:00,0,81.70008434947772,0,NA,NA
0,-2.0018516589981745,2024-06-04 01:00:00,0,81.70008434947772,0,NA,NA
0,0.07171321898596952,2024-06-04 01:05:00,0,81.70008434947772,0,NA,NA
0,-0.2751476717931202,2024-06-04 01:10:00,0,81.70008434947772,0,NA,NA
0,0.4741290071286825,2024-06-04 01:15:00,0,81.70008434947772,0,NA,NA
0,0.5673609357277328,2024-06-04 01:20:00,0,81.70008434947772,0,NA,NA
0,0.45608979395072435,2024-06-04 01:25:00,0,81.70008434947772,0,NA,NA
0,-0.20401165639095584,2024-06-04 01:30:00,0,81.70008434947772,0,NA,NA
0,-0.33144106312050475,2024-06-04 01:35:00,0,81.70008434947772,0,NA,NA
0,-0.11588732133694743,2024-06-04 01:40:00,0,81.70008434947772,0,NA,NA
0,0.1856352827540568,2024-06-04 01:45:00,0,81.70008434947772,0,NA,NA
0,-0.12095375654349869,2024-06-04 01:50:00,0,81.70008434947772,0,NA,NA
0,-0.6871872090772059,2024-06-04 01:55:00,0,81.70008434947772,0,NA,NA
0,-1.3617034212761772,2024-06-04 02:00:00,0,81.70008434947772,0,NA,NA
0,0.2998360100910533,2024-06-04 02:05:00,0,81.70008434947772,0,NA,NA
0,-0.5738601756115351,2024-06-04 02:10:00,0,81.70008434947772,0,NA,NA
0,0.2113766962865142,2024-06-04 02:15:00,0,81.70008434947772,0,NA,NA
0,-0.06735937683175004,2024-06-04 02:20:00,0,81.70008434947772,0,NA,NA
0,-0.5591693497605514,2024-06-04 02:25:00,0,81.70008434947772,0,NA,NA
0,-0.9315189618916487,2024-06-04 02:30:00,0,81.70008434947772,0,NA,NA
0,-1.185808166071328,2024-06-04 02:35:00,0,81.70008434947772,0,NA,NA
0,-0.5624234016821614,2024-06-04 02:40:00,0,81.70008434947772,0,NA,NA
0,-1.1266240512080783,2024-06-04 02:45:00,0,81.70008434947772,0,NA,NA
0,-0.5777413032691859,2024-06-04 02:50:00,0,81.70008434947772,0,NA,NA
0,-0.4915483378285185,2024-06-04 02:55:00,0,81.70008434947772,0,NA,NA
0,-1.897448834978138,2024-06-04 03:00:00,0,81.70008434947772,0,NA,NA
0,-0.21329097473739994,2024-06-04 03:05:00,0,81.70008434947772,0,NA,NA
0,-0.12594664383101448,2024-06-04 03:10:00,0,81.70008434947772,0,NA,NA
0,-0.09642622264507136,2024-06-04 03:15:00,0,81.70008434947772,0,NA,NA
0,0.41691099012134514,2024-06-04 03:20:00,0,81.70008434947772,0,NA,NA
0,-0.9321588009376583,2024-06-04 03:25:00,0,81.70008434947772,0,NA,NA
0,-0.8691879723894576,2024-06-04 03:30:00,0,81.70008434947772,0,NA,NA
0,-1.12970935385119,2024-06-04 03:35:00,0,81.70008434947772,0,NA,NA
0,-0.9876287792745769,2024-06-04 03:40:00,0,81.70008434947772,0,NA,NA
0,-1.0863181369161194,2024-06-04 03:45:00,0,81.70008434947772,0,NA,NA
0,-0.5934289889034923,2024-06-04 03:50:00,0,81.70008434947772,0,NA,NA
0,-1.3070458413580914,2024-06-04 03:55:00,0,81.70008434947772,0,NA,NA
0,-1.8279580628794423,2024-06-04 04:00:00,0,81.70008434947772,0,NA,NA
0,-0.06999428903530845,2024-06-04 04:05:00,0,81.70008434947772,0,NA,NA
0,0.21699971655073025,2024-06-04 04:10:00,0,81.70008434947772,0,NA,NA
0,0.5796894812761422,2024-06-04 04:15:00,0,81.70008434947772,0,NA,NA
0,-0.02840726214346272,2024-06-04 04:20:00,0,81.70008434947772,0,NA,NA
0,-0.022104208158651207,2024-06-04 04:25:00,0,81.70008434947772,0,NA,NA
0,-0.44803538997254266,2024-06-04 04:30:00,0,81.70008434947772,0,NA,NA
0,-0.7359563517989528,2024-06-04 04:35:00,0,81.70008434947772,0,NA,NA
0,-0.13852312929133576,2024-06-04 04:40:00,0,81.70008434947772,0,NA,NA
0,-0.852693539641391,2024-06-04 04:45:00,0,81.70008434947772,0,NA,NA
0,-0.8872828949216971,2024-06-04 04:50:00,0,81.70008434947772,0,NA,NA
0,-0.571396714735425,2024-06-04 04:55:00,0,81.70008434947772,0,NA,NA
0,-0.8284716126163439,2024-06-04 05:00:00,0,81.70008434947772,0,NA,NA
0,0.7422853850712643,2024-06-04 05:05:00,0,81.70008434947772,0,NA,NA
0,0.3411127578166776,2024-06-04 05:10:00,0,81.70008434947772,0,NA,NA
0,0.49200446258077357,2024-06-04 05:15:00,0,81.70008434947772,0,NA,NA
0,0.6497858482609238,2024-06-04 05:20:00,0,81.70008434947772,0,NA,NA
0,0.3687832425153744,2024-06-04 05:25:00,0,81.70008434947772,0,NA,NA
0,-0.14658431775968533,2024-06-04 05:30:00,0,81.70008434947772,0,NA,NA
0,0.0496501906550349,2024-06-04 05:35:00,0,81.70008434947772,0,NA,NA
0,0.2322619367905696,2024-06-04 05:40:00,0,81.70008434947772,0,NA,NA
0,-0.1680318535012028,2024-06-04 05:45:00,0,81.70008434947772,0,NA,NA
0,-1.2588027432655187,2024-06-04 05:50:00,0,81.70008434947772,0,NA,NA
0,-0.9635359689930965,2024-06-04 05:55:00,0,81.70008434947772,0,NA,NA
0,-0.4137314527235567,2024-06-04 06:00:00,0,81.70008434947772,0,NA,NA
0,1.2130331396743632,2024-06-04 06:05:00,0,81.70008434947772,0,NA,NA
0,0.9274207822262979,2024-06-04 06:10:00,0,81.70008434947772,0,NA,NA
0,0.8946749883879226,2024-06-04 06:15:00,0,81.70008434947772,0,NA,NA
0,0.21990429600117356,2024-06-04 06:20:00,0,81.70008434947772,0,NA,NA
0,-0.13807091258219434,2024-06-04 06:25:00,0,81.70008434947772,0,NA,NA
0,-0.31896116245998535,2024-06-04 06:30:00,0,81.70008434947772,0,NA,NA
0,-0.3823521974907705,2024-06-04 06:35:00,0,81.70008434947772,0,NA,NA
0,-0.7433178349561483,2024-06-04 06:40:00,0,81.70008434947772,0,NA,NA
0,-0.49725085459228274,2024-06-04 06:45:00,0,81.70008434947772,0,NA,NA
0,-1.399548359279477,2024-06-04 06:50:00,0,81.70008434947772,0,NA,NA
0,-1.3018443654888745,2024-06-04 06:55:00,0,81.70008434947772,0,NA,NA
0,2.1248622599399525,2024-06-04 07:00:00,0,81.70008434947772,0,NA,NA
11,4.062899132763695,2024-06-04 07:05:00,0,81.70008434947772,0,NA,NA
19,16.850829949250233,2024-06-04 07:10:00,0,81.70008434947772,0,NA,NA
23,24.767892848268726,2024-06-04 07:15:00,0,81.70008434947772,0,NA,NA
26,28.090067442376686,2024-06-04 07:20:00,0,81.70008434947772,0,NA,NA
27,30.002581388891002,2024-06-04 07:25:00,0,81.70008434947772,0,NA,NA
28,30.591062916236574,2024-06-04 07:30:00,0,81.70008434947772,0,NA,NA
29,30.827716647147284,2024-06-04 07:35:00,0,81.70008434947772,0,NA,NA
25,31.81207882209918,2024-06-04 07:40:00,0,81.70008434947772,0,NA,NA
30,26.192122409534765,2024-06-04 07:45:00,0,81.70008434947772,0,NA,NA
28,31.53525628431784,2024-06-04 07:50:00,0,81.70008434947772,0,NA,NA
27,28.553371727158705,2024-06-04 07:55:00,0,81.70008434947772,0,NA,NA
26,25.57823402409091,2024-06-04 08:00:00,0,81.70008434947772,0,NA,NA
26,27.202440426808113,2024-06-04 08:05:00,0,81.70008434947772,0,NA,NA
31,27.304635651046336,2024-06-04 08:10:00,0,81.70008434947772,0,NA,NA
26,32.767889465700506,2024-06-04 08:15:00,0,81.70008434947772,0,NA,NA
26,26.985187385890086,2024-06-04 08:20:00,0,81.70008434947772,0,NA,NA
33,26.968505658327686,2024-06-04 08:25:00,0,81.70008434947772,0,NA,NA
29,33.89841067341133,2024-06-04 08:30:00,0,81.70008434947772,0,NA,NA
30,29.739344583520726,2024-06-04 08:35:00,0,81.70008434947772,0,NA,NA
33,31.13616603209453,2024-06-04 08:40:00,0,81.70008434947772,0,NA,NA
34,33.78247108617805,2024-06-04 08:45:00,0,81.70008434947772,0,NA,NA
31,35.11233160659506,2024-06-04 08:50:00,0,81.70008434947772,0,NA,NA
36,30.349037515891958,2024-06-04 08:55:00,0,81.70008434947772,0,NA,NA
33,35.85759602056288,2024-06-04 09:00:00,0,81.70008434947772,0,NA,NA
32,33.80606870941709,2024-06-04 09:05:00,0,81.70008434947772,0,NA,NA
35,33.51479793744012,2024-06-04 09:10:00,0,81.70008434947772,0,NA,NA
37,36.7957055300801,2024-06-04 09:15:00,0,81.70008434947772,0,NA,NA
39,38.04342178182033,2024-06-04 09:20:00,0,81.70008434947772,0,NA,NA
36,40.00364732448793,2024-06-04 09:25:00,0,81.70008434947772,0,NA,NA
31,36.13073797446367,2024-06-04 09:30:00,0,81.70008434947772,0,NA,NA
30,30.617180260231414,2024-06-04 09:35:00,0,81.70008434947772,0,NA,NA
34,29.08867392480797,2024-06-04 09:40:00,0,81.70008434947772,0,NA,NA
30,33.541941522722055,2024-06-04 09:45:00,0,81.70008434947772,0,NA,NA
29,29.105510503761188,2024-06-04 09:50:00,0,81.70008434947772,0,NA,NA
34,28.467008166397058,2024-06-04 09:55:00,0,81.70008434947772,0,NA,NA
36,32.846781799578245,2024-06-04 10:00:00,0,81.70008434947772,0,NA,NA
37,36.517140681612844,2024-06-04 10:05:00,0,81.70008434947772,0,NA,NA
36,39.19491672311758,2024-06-04 10:10:00,0,81.70008434947772,0,NA,NA
40,38.04426288599463,2024-06-04 10:15:00,0,81.70008434947772,0,NA,NA
38,42.371242670292524,2024-06-04 10:20:00,0,81.70008434947772,0,NA,NA
38,39.8954329969798,2024-06-04 10:25:00,0,81.70008434947772,0,NA,NA
39,39.9455691249415,2024-06-04 10:30:00,0,81.70008434947772,0,NA,NA
36,39.7617852033932,2024-06-04 10:35:00,0,81.70008434947772,0,NA,NA
38,37.093589968630326,2024-06-04 10:40:00,0,81.70008434947772,0,NA,NA
45,38.5279472183603,2024-06-04 10:45:00,0,81.70008434947772,0,NA,NA
47,46.3294293441573,2024-06-04 10:50:00,0,81.70008434947772,0,NA,NA
43,47.276400773527484,2024-06-04 10:55:00,0,81.70008434947772,0,NA,NA
45,42.47716100807073,2024-06-04 11:00:00,0,81.70008434947772,0,NA,NA
43,45.86699678547324,2024-06-04 11:05:00,0,81.70008434947772,0,NA,NA
45,43.80181075351217,2024-06-04 11:10:00,0,81.70008434947772,0,NA,NA
42,47.27391411403703,2024-06-04 11:15:00,0,81.70008434947772,0,NA,NA
43,43.25065496025347,2024-06-04 11:20:00,0,81.70008434947772,0,NA,NA
46,44.928371489608935,2024-06-04 11:25:00,0,81.70008434947772,0,NA,NA
40,47.267699720264396,2024-06-04 11:30:00,0,81.70008434947772,0,NA,NA
41,39.63540891371136,2024-06-04 11:35:00,0,81.70008434947772,0,NA,NA
44,41.633753065640626,2024-06-04 11:40:00,0,81.70008434947772,0,NA,NA
34,45.3471442003495,2024-06-04 11:45:00,0,81.70008434947772,0,NA,NA
38,33.55661524293741,2024-06-04 11:50:00,0,81.70008434947772,0,NA,NA
36,37.88274173809331,2024-06-04 11:55:00,0,81.70008434947772,0,NA,NA
37,34.25931328376303,2024-06-04 12:00:00,0,81.70008434947772,0,NA,NA
37,38.51683121563378,2024-06-04 12:05:00,0,81.70008434947772,0,NA,NA
38,38.379145636179715,2024-06-04 12:10:00,0,81.70008434947772,0,NA,NA
40,39.268076244216914,2024-06-04 12:15:00,0,81.70008434947772,0,NA,NA
41,41.72341803313052,2024-06-04 12:20:00,0,81.70008434947772,0,NA,NA
39,42.732725866532846,2024-06-04 12:25:00,0,81.70008434947772,0,NA,NA
43,40.36713337691142,2024-06-04 12:30:00,0,81.70008434947772,0,NA,NA
41,44.191656442358905,2024-06-04 12:35:00,0,81.70008434947772,0,NA,NA
40,42.07510436689191,2024-06-04 12:40:00,0,81.70008434947772,0,NA,NA
39,41.57632809247722,2024-06-04 12:45:00,0,81.70008434947772,0,NA,NA
37,40.20544209793332,2024-06-04 12:50:00,0,81.70008434947772,0,NA,NA
43,37.35667430982624,2024-06-04 12:55:00,0,81.70008434947772,0,NA,NA
38,43.12368739983577,2024-06-04 13:00:00,0,81.70008434947772,0,NA,NA
35,38.41198438397235,2024-06-04 13:05:00,0,81.70008434947772,0,NA,NA
40,35.751607264920054,2024-06-04 13:10:00,0,81.70008434947772,0,NA,NA
41,42.33203649860643,2024-06-04 13:15:00,0,81.70008434947772,0,NA,NA
44,42.91150082842891,2024-06-04 13:20:00,0,81.70008434947772,0,NA,NA
41,45.87933390859536,2024-06-04 13:25:00,0,81.70008434947772,0,NA,NA
37,42.97107310541193,2024-06-04 13:30:00,0,81.70008434947772,0,NA,NA
34,37.639212541609844,2024-06-04 13:35:00,0,81.70008434947772,0,NA,NA
37,33.54396969224688,2024-06-04 13:40:00,0,81.70008434947772,0,NA,NA
38,37.23762109169191,2024-06-04 13:45:00,0,81.70008434947772,0,NA,NA
40,38.65293216759895,2024-06-04 13:50:00,0,81.70008434947772,0,NA,NA
36,40.65288298762647,2024-06-04 13:55:00,0,81.70008434947772,0,NA,NA
33,36.3009608634666,2024-06-04 14:00:00,0,81.70008434947772,0,NA,NA
34,33.248272598834674,2024-06-04 14:05:00,0,81.70008434947772,0,NA,NA
36,34.045434105313525,2024-06-04 14:10:00,0,81.70008434947772,0,NA,NA
33,38.87023844221458,2024-06-04 14:15:00,0,81.70008434947772,0,NA,NA
37,34.840221966561266,2024-06-04 14:20:00,0,81.70008434947772,0,NA,NA
32,39.37403749252959,2024-06-04 14:25:00,0,81.70008434947772,0,NA,NA
28,32.83734157169263,2024-06-04 14:30:00,0,81.70008434947772,0,NA,NA
25,28.10367832877244,2024-06-04 14:35:00,0,81.70008434947772,0,NA,NA
28,24.560833077514847,2024-06-04 14:40:00,0,81.70008434947772,0,NA,NA
24,28.741274066241655,2024-06-04 14:45:00,0,81.70008434947772,0,NA,NA
29,24.345726116086933,2024-06-04 14:50:00,0,81.70008434947772,0,NA,NA
28,30.24024531438685,2024-06-04 14:55:00,0,81.70008434947772,0,NA,NA
30,28.067175742884036,2024-06-04 15:00:00,0,81.70008434947772,0,NA,NA
27,32.713787230340124,2024-06-04 15:05:00,0,81.70008434947772,0,NA,NA
29,28.608807889496653,2024-06-04 15:10:00,0,81.70008434947772,0,NA,NA
31,31.755229359777903,2024-06-04 15:15:00,0,81.70008434947772,0,NA,NA
31,32.90662118577791,2024-06-04 15:20:00,0,81.70008434947772,0,NA,NA
37,33.26076272949093,2024-06-04 15:25:00,0,81.70008434947772,0,NA,NA
33,39.58124324770508,2024-06-04 15:30:00,0,81.70008434947772,0,NA,NA
36,34.46448345991482,2024-06-04 15:35:00,0,81.70008434947772,0,NA,NA
32,37.289870321460654,2024-06-04 15:40:00,0,81.70008434947772,0,NA,NA
33,33.383122050436675,2024-06-04 15:45:00,0,81.70008434947772,0,NA,NA
31,34.40947534960806,2024-06-04 15:50:00,0,81.70008434947772,0,NA,NA
37,32.57442417955807,2024-06-04 15:55:00,0,81.70008434947772,0,NA,NA
39,38.4527874697519,2024-06-04 16:00:00,0,81.70008434947772,0,NA,NA
33,41.94789731140255,2024-06-04 16:05:00,0,81.70008434947772,0,NA,NA
35,34.98738948008703,2024-06-04 16:10:00,0,81.70008434947772,0,NA,NA
39,37.82605883689568,2024-06-04 16:15:00,0,81.70008434947772,0,NA,NA
39,41.68942427449869,2024-06-04 16:20:00,0,81.70008434947772,0,NA,NA
38,41.98997839413675,2024-06-04 16:25:00,0,81.70008434947772,0,NA,NA
37,40.197345565711665,2024-06-04 16:30:00,0,81.70008434947772,0,NA,NA
44,37.623505514224526,2024-06-04 16:35:00,0,81.70008434947772,0,NA,NA
42,45.64983221761774,2024-06-04 16:40:00,0,81.70008434947772,0,NA,NA
43,43.34619459178591,2024-06-04 16:45:00,0,81.70008434947772,0,NA,NA
42,44.801071568808155,2024-06-04 16:50:00,0,81.70008434947772,0,NA,NA
47,43.312800344621984,2024-06-04 16:55:00,0,81.70008434947772,0,NA,NA
41,46.79110916093418,2024-06-04 17:00:00,0,81.70008434947772,0,NA,NA
45,42.26673199225422,2024-06-04 17:05:00,0,81.70008434947772,0,NA,NA
49,46.25776151812315,2024-06-04 17:10:00,0,81.70008434947772,0,NA,NA
55,51.66174671362768,2024-06-04 17:15:00,0,81.70008434947772,0,NA,NA
54,57.3959106799559,2024-06-04 17:20:00,0,81.70008434947772,0,NA,NA
59,55.021902548185906,2024-06-04 17:25:00,0,81.70008434947772,0,NA,NA
56,61.48766522298665,2024-06-04 17:30:00,0,81.70008434947772,0,NA,NA
64,56.89699551291873,2024-06-04 17:35:00,0,81.70008434947772,0,NA,NA
64,65.84667766456054,2024-06-04 17:40:00,0,81.70008434947772,0,NA,NA
74,64.45564192752494,2024-06-04 17:45:00,0,81.70008434947772,0,NA,NA
70,75.27268824537597,2024-06-04 17:50:00,0,81.70008434947772,0,NA,NA
72,71.1247370606602,2024-06-04 17:55:00,0,81.70008434947772,0,NA,NA
77,72.28166490329407,2024-06-04 18:00:00,0,81.70008434947772,0,NA,NA
88,79.94615541671828,2024-06-04 18:05:00,0,81.70008434947772,0,NA,NA
81,90.23685826710954,2024-06-04 18:10:00,0,81.70008434947772,0,NA,NA
87,81.87461251449616,2024-06-04 18:15:00,0,81.70008434947772,0,NA,NA
80,89.18790565065562,2024-06-04 18:20:00,0,81.70008434947772,0,NA,NA
84,79.69609943768377,2024-06-04 18:25:00,0,81.70008434947772,0,NA,NA
80,84.39182325901199,2024-06-04 18:30:00,0,81.70008434947772,0,NA,NA
77,77.77027271699731,2024-06-04 18:35:00,0,81.70008434947772,0,NA,NA
76,74.69337067568136,2024-06-04 18:40:00,0,81.70008434947772,0,NA,NA
80,73.97545536050266,2024-06-04 18:45:00,0,81.70008434947772,0,NA,NA
87,79.21969719176215,2024-06-04 18:50:00,0,81.70008434947772,0,NA,NA
88,86.32179532489012,2024-06-04 18:55:00,0,81.70008434947772,0,NA,NA
82,87.93223659794849,2024-06-04 19:00:00,0,81.70008434947772,0,NA,NA
82,82.008788010879,2024-06-04 19:05:00,0,81.70008434947772,0,NA,NA
90,83.17620738702047,2024-06-04 19:10:00,0,81.70008434947772,0,NA,NA
91,90.15003566996097,2024-06-04 19:15:00,0,81.70008434947772,0,NA,NA
83,91.74532453528383,2024-06-04 19:20:00,0,81.70008434947772,0,NA,NA
85,81.98489651076473,2024-06-04 19:25:00,0,81.70008434947772,0,NA,NA
82,84.45244415834699,2024-06-04 19:30:00,0,81.70008434947772,0,NA,NA
80,79.95814746655175,2024-06-04 19:35:00,0,81.70008434947772,0,NA,NA
78,77.97509117515042,2024-06-04 19:40:00,0,81.70008434947772,0,NA,NA
78,75.21781320336802,2024-06-04 19:45:00,0,81.70008434947772,0,NA,NA
75,77.65539156435229,2024-06-04 19:50:00,0,81.70008434947772,0,NA,NA
70,72.66310262722847,2024-06-04 19:55:00,0,81.70008434947772,0,NA,NA
70,67.92986929159463,2024-06-04 20:00:00,0,81.70008434947772,0,NA,NA
66,69.88749730721354,2024-06-04 20:05:00,0,81.70008434947772,0,NA,NA
63,65.91243784522926,2024-06-04 20:10:00,0,81.70008434947772,0,NA,NA
69,62.4429200983985,2024-06-04 20:15:00,0,81.70008434947772,0,NA,NA
64,70.2515858567987,2024-06-04 20:20:00,0,81.70008434947772,0,NA,NA
69,63.38373826038118,2024-06-04 20:25:00,0,81.70008434947772,0,NA,NA
66,68.86137754079468,2024-06-04 20:30:00,0,81.70008434947772,0,NA,NA
58,65.48654046727184,2024-06-04 20:35:00,0,81.70008434947772,0,NA,NA
57,57.51758810832345,2024-06-04 20:40:00,0,81.70008434947772,0,NA,NA
52,55.317860445773874,2024-06-04 20:45:00,0,81.70008434947772,0,NA,NA
50,49.535966486253486,2024-06-04 20:50:00,0,81.70008434947772,0,NA,NA
55,48.937872827799495,2024-06-04 20:55:00,0,81.70008434947772,0,NA,NA
59,53.08634544783215,2024-06-04 21:00:00,0,81.70008434947772,0,NA,NA
57,59.007319942405495,2024-06-04 21:05:00,0,81.70008434947772,0,NA,NA
56,56.60594880474931,2024-06-04 21:10:00,0,81.70008434947772,0,NA,NA
57,56.353276256256464,2024-06-04 21:15:00,0,81.70008434947772,0,NA,NA
55,56.64587838145441,2024-06-04 21:20:00,0,81.70008434947772,0,NA,NA
54,53.33749509654254,2024-06-04 21:25:00,0,81.70008434947772,0,NA,NA
48,53.341915496246436,2024-06-04 21:30:00,0,81.70008434947772,0,NA,NA
38,46.45672524486826,2024-06-04 21:35:00,0,81.70008434947772,0,NA,NA
33,35.35766882563936,2024-06-04 21:40:00,0,81.70008434947772,0,NA,NA
30,29.605193379381998,2024-06-04 21:45:00,0,81.70008434947772,0,NA,NA
29,25.766835356227848,2024-06-04 21:50:00,0,81.70008434947772,0,NA,NA
19,24.74084643864784,2024-06-04 21:55:00,0,81.70008434947772,0,NA,NA
0,12.600601066870487,2024-06-04 22:00:00,0,81.70008434947772,0,NA,NA
0,-4.721026315091281,2024-06-04 22:05:00,0,81.70008434947772,0,NA,NA
0,-3.1007475437552725,2024-06-04 22:10:00,0,81.70008434947772,0,NA,NA
0,-2.895634410600219,2024-06-04 22:15:00,0,81.70008434947772,0,NA,NA
0,-1.0806410920379308,2024-06-04 22:20:00,0,81.70008434947772,0,NA,NA
0,-0.8456021870845372,2024-06-04 22:25:00,0,81.70008434947772,0,NA,NA
0,-0.8564195401159637,2024-06-04 22:30:00,0,81.70008434947772,0,NA,NA
0,-2.3634193377826063,2024-06-04 22:35:00,0,81.70008434947772,0,NA,NA
0,-2.2149444363801543,2024-06-04 22:40:00,0,81.70008434947772,0,NA,NA
0,-1.1955725776821196,2024-06-04 22:45:00,0,81.70008434947772,0,NA,NA
-2.2939533455893137,-2.2939533455893137,2024-06-04 22:50:00,1,81.70008434947772,0,4.322852127606089,-8.910758818784718
-5.218281689989515,-5.218281689989515,2024-06-04 22:55:00,1,81.70008434947772,0,1.3985237832058885,-11.835087163184918
-8.567534965498314,-8.567534965498314,2024-06-04 23:00:00,1,81.70008434947772,0,-1.9507294923029113,-15.184340438693717
-9.73046490938988,-9.73046490938988,2024-06-04 23:05:00,1,81.70008434947772,0,-3.113659436194477,-16.347270382585283
-10.476180603490702,-10.476180603490702,2024-06-04 23:10:00,1,81.70008434947772,0,-3.859375130295299,-17.092986076686106
-10.752193964573884,-10.752193964573884,2024-06-04 23:15:00,1,81.70008434947772,0,-4.135388491378481,-17.368999437769286
-11.243276363877168,-11.243276363877168,2024-06-04 23:20:00,1,81.70008434947772,0,-4.626470890681765,-17.86008183707257
-12.016922334759677,-12.016922334759677,2024-06-04 23:25:00,1,81.70008434947772,0,-5.400116861564274,-18.63372780795508
-13.560846806859859,-13.560846806859859,2024-06-04 23:30:00,1,81.70008434947772,0,-6.9440413336644555,-20.177652280055263
-14.791873130275242,-14.791873130275242,2024-06-04 23:35:00,1,81.70008434947772,0,-8.17506765707984,-21.408678603470644
-16.10817396765645,-16.10817396765645,2024-06-04 23:40:00,1,81.70008434947772,0,-9.49136849446105,-22.724979440851854
-17.722456145076492,-17.722456145076492,2024-06-04 23:45:00,1,81.70008434947772,0,-11.10565067188109,-24.339261618271895
-19.633379372898837,-19.633379372898837,2024-06-04 23:50:00,1,81.70008434947772,0,-13.016573899703435,-26.25018484609424
-21.337160875217414,-21.337160875217414,2024-06-04 23:55:00,1,81.70008434947772,0,-14.720355402022012,-27.953966348412816
-22.9105565895943,-22.9105565895943,2024-06-05 00:00:00,1,81.70008434947772,0,-16.293751116398898,-29.527362062789702
-23.112539052080272,-23.112539052080272,2024-06-05 00:05:00,1,81.70008434947772,0,-16.49573357888487,-29.729344525275675
-22.676522287161667,-22.676522287161667,2024-06-05 00:10:00,1,81.70008434947772,0,-16.059716813966265,-29.29332776035707
-21.856216663162023,-21.856216663162023,2024-06-05 00:15:00,1,81.70008434947772,0,-15.23941118996662,-28.473022136357425
-21.034264584075366,-21.034264584075366,2024-06-05 00:20:00,1,81.70008434947772,0,-14.417459110879964,-27.65107005727077
-20.24975887706062,-20.24975887706062,2024-06-05 00:25:00,1,81.70008434947772,0,-13.63295340386522,-26.866564350256024
-20.200145994535056,-20.200145994535056,2024-06-05 00:30:00,1,81.70008434947772,0,-13.583340521339654,-26.81695146773046
-20.485648273127104,-20.485648273127104,2024-06-05 00:35:00,1,81.70008434947772,0,-13.868842799931702,-27.102453746322507
-20.58334119603085,-20.58334119603085,2024-06-05 00:40:00,1,81.70008434947772,0,-13.966535722835449,-27.200146669226253
-20.752901006910484,-20.752901006910484,2024-06-05 00:45:00,1,81.70008434947772,0,-14.136095533715082,-27.369706480105886
-21.937790033540914,-21.937790033540914,2024-06-05 00:50:00,1,81.70008434947772,0,-15.320984560345511,-28.554595506736316
-22.75071394753001,-22.75071394753001,2024-06-05 00:55:00,1,81.70008434947772,0,-16.133908474334607,-29.36751942072541
-23.31161723456102,-23.31161723456102,2024-06-05 01:00:00,1,81.70008434947772,0,-16.694811761365617,-29.928422707756422
-22.877774247908143,-22.877774247908143,2024-06-05 01:05:00,1,81.70008434947772,0,-16.26096877471274,-29.494579721103545
-22.278806651226965,-22.278806651226965,2024-06-05 01:10:00,1,81.70008434947772,0,-15.662001178031563,-28.895612124422367
-21.478802637510476,-21.478802637510476,2024-06-05 01:15:00,1,81.70008434947772,0,-14.861997164315074,-28.09560811070588
-20.081414728204713,-20.081414728204713,2024-06-05 01:20:00,1,81.70008434947772,0,-13.46460925500931,-26.698220201400115
-19.011586270209328,-19.011586270209328,2024-06-05 01:25:00,1,81.70008434947772,0,-12.394780797013926,-25.62839174340473
-18.51082260954427,-18.51082260954427,2024-06-05 01:30:00,1,81.70008434947772,0,-11.894017136348868,-25.127628082739673
-18.700962354549738,-18.700962354549738,2024-06-05 01:35:00,1,81.70008434947772,0,-12.084156881354335,-25.31776782774514
-18.934795944037653,-18.934795944037653,2024-06-05 01:40:00,1,81.70008434947772,0,-12.31799047084225,-25.551601417233055
-19.124892125410263,-19.124892125410263,2024-06-05 01:45:00,1,81.70008434947772,0,-12.50808665221486,-25.741697598605665
-19.656059120439373,-19.656059120439373,2024-06-05 01:50:00,1,81.70008434947772,0,-13.03925364724397,-26.272864593634775
-20.051867575548094,-20.051867575548094,2024-06-05 01:55:00,1,81.70008434947772,0,-13.435062102352692,-26.668673048743496
-21.767833529373483,-21.767833529373483,2024-06-05 02:00:00,1,81.70008434947772,0,-15.151028056178081,-28.384639002568886
-22.070555732019464,-22.070555732019464,2024-06-05 02:05:00,1,81.70008434947772,0,-15.453750258824062,-28.687361205214867
-22.794081370572563,-22.794081370572563,2024-06-05 02:10:00,1,81.70008434947772,0,-16.17727589737716,-29.410886843767965
-22.551290123522357,-22.551290123522357,2024-06-05 02:15:00,1,81.70008434947772,0,-15.934484650326954,-29.16809559671776
-21.69160423774445,-21.69160423774445,2024-06-05 02:20:00,1,81.70008434947772,0,-15.074798764549048,-28.308409710939852
-21.74204572047801,-21.74204572047801,2024-06-05 02:25:00,1,81.70008434947772,0,-15.125240247282608,-28.358851193673413
-21.030860188516236,-21.030860188516236,2024-06-05 02:30:00,1,81.70008434947772,0,-14.414054715320834,-27.64766566171164
-21.46765201228228,-21.46765201228228,2024-06-05 02:35:00,1,81.70008434947772,0,-14.850846539086877,-28.08445748547768
-21.894477994469774,-21.894477994469774,2024-06-05 02:40:00,1,81.70008434947772,0,-15.277672521274372,-28.511283467665177
-22.232035673838816,-22.232035673838816,2024-06-05 02:45:00,1,81.70008434947772,0,-15.615230200643413,-28.848841147034218
-22.397083649412274,-22.397083649412274,2024-06-05 02:50:00,1,81.70008434947772,0,-15.780278176216871,-29.013889122607676
-22.890885163485386,-22.890885163485386,2024-06-05 02:55:00,1,81.70008434947772,0,-16.274079690289984,-29.50769063668079
-24.299850013861906,-24.299850013861906,2024-06-05 03:00:00,1,81.70008434947772,0,-17.683044540666504,-30.91665548705731
-24.360811031589115,-24.360811031589115,2024-06-05 03:05:00,1,81.70008434947772,0,-17.744005558393713,-30.977616504784518
-24.508114607496644,-24.508114607496644,2024-06-05 03:10:00,1,81.70008434947772,0,-17.891309134301242,-31.124920080692046
-24.30548366472089,-24.30548366472089,2024-06-05 03:15:00,1,81.70008434947772,0,-17.688678191525486,-30.92228913791629
-23.526098076644267,-23.526098076644267,2024-06-05 03:20:00,1,81.70008434947772,0,-16.909292603448865,-30.14290354983967
-22.975082959410905,-22.975082959410905,2024-06-05 03:25:00,1,81.70008434947772,0,-16.358277486215503,-29.591888432606307
-23.0721634266828,-23.0721634266828,2024-06-05 03:30:00,1,81.70008434947772,0,-16.455357953487397,-29.6889688998782
-23.189011449115235,-23.189011449115235,2024-06-05 03:35:00,1,81.70008434947772,0,-16.572205975919832,-29.805816922310637
-23.21386575310057,-23.21386575310057,2024-06-05 03:40:00,1,81.70008434947772,0,-16.59706027990517,-29.830671226295973
-23.544904725743145,-23.544904725743145,2024-06-05 03:45:00,1,81.70008434947772,0,-16.928099252547742,-30.161710198938547
-24.084426239281036,-24.084426239281036,2024-06-05 03:50:00,1,81.70008434947772,0,-17.467620766085634,-30.70123171247644
-24.682483498800615,-24.682483498800615,2024-06-05 03:55:00,1,81.70008434947772,0,-18.065678025605212,-31.299288971996017
-25.64398808932588,-25.64398808932588,2024-06-05 04:00:00,1,81.70008434947772,0,-19.027182616130478,-32.260793562521286
-25.26428141484373,-25.26428141484373,2024-06-05 04:05:00,1,81.70008434947772,0,-18.647475941648327,-31.881086888039132
-24.535103937388975,-24.535103937388975,2024-06-05 04:10:00,1,81.70008434947772,0,-17.918298464193573,-31.151909410584377
-23.32867978153947,-23.32867978153947,2024-06-05 04:15:00,1,81.70008434947772,0,-16.71187430834407,-29.945485254734873
-22.179310100297975,-22.179310100297975,2024-06-05 04:20:00,1,81.70008434947772,0,-15.562504627102573,-28.796115573493378
-21.686114771778385,-21.686114771778385,2024-06-05 04:25:00,1,81.70008434947772,0,-15.069309298582983,-28.302920244973787
-21.306493939895624,-21.306493939895624,2024-06-05 04:30:00,1,81.70008434947772,0,-14.689688466700222,-27.923299413091026
-20.78247321503172,-20.78247321503172,2024-06-05 04:35:00,1,81.70008434947772,0,-14.16566774183632,-27.399278688227124
-20.69225353346058,-20.69225353346058,2024-06-05 04:40:00,1,81.70008434947772,0,-14.075448060265177,-27.309059006655982
-20.235876422561994,-20.235876422561994,2024-06-05 04:45:00,1,81.70008434947772,0,-13.619070949366591,-26.852681895757396
-20.513718565408986,-20.513718565408986,2024-06-05 04:50:00,1,81.70008434947772,0,-13.896913092213584,-27.13052403860439
-20.635263788698516,-20.635263788698516,2024-06-05 04:55:00,1,81.70008434947772,0,-14.018458315503114,-27.25206926189392
-21.655992406065273,-21.655992406065273,2024-06-05 05:00:00,1,81.70008434947772,0,-15.039186932869871,-28.272797879260676
-21.320869879852914,-21.320869879852914,2024-06-05 05:05:00,1,81.70008434947772,0,-14.704064406657512,-27.937675353048316
-20.814754672202177,-20.814754672202177,2024-06-05 05:10:00,1,81.70008434947772,0,-14.197949199006775,-27.43156014539758
-20.07455198667264,-20.07455198667264,2024-06-05 05:15:00,1,81.70008434947772,0,-13.457746513477236,-26.69135745986804
-18.99664134683055,-18.99664134683055,2024-06-05 05:20:00,1,81.70008434947772,0,-12.379835873635148,-25.613446820025953
-18.753345230084356,-18.753345230084356,2024-06-05 05:25:00,1,81.70008434947772,0,-12.136539756888954,-25.37015070327976
-18.1009397901188,-18.1009397901188,2024-06-05 05:30:00,1,81.70008434947772,0,-11.484134316923399,-24.717745263314203
-17.780054914724346,-17.780054914724346,2024-06-05 05:35:00,1,81.70008434947772,0,-11.163249441528944,-24.396860387919748
-17.486412379740315,-17.486412379740315,2024-06-05 05:40:00,1,81.70008434947772,0,-10.869606906544913,-24.103217852935718
-16.839868363833304,-16.839868363833304,2024-06-05 05:45:00,1,81.70008434947772,0,-10.223062890637902,-23.456673837028706
-17.146476534584806,-17.146476534584806,2024-06-05 05:50:00,1,81.70008434947772,0,-10.529671061389404,-23.76328200778021
-16.932289043053984,-16.932289043053984,2024-06-05 05:55:00,1,81.70008434947772,0,-10.315483569858582,-23.549094516249387
-17.596302599801263,-17.596302599801263,2024-06-05 06:00:00,1,81.70008434947772,0,-10.97949712660586,-24.213108072996665
-16.557541989684395,-16.557541989684395,2024-06-05 06:05:00,1,81.70008434947772,0,-9.940736516488993,-23.174347462879798
-15.475344991977481,-15.475344991977481,2024-06-05 06:10:00,1,81.70008434947772,0,-8.858539518782077,-22.092150465172885
-14.658365968029829,-14.658365968029829,2024-06-05 06:15:00,1,81.70008434947772,0,-8.041560494834425,-21.275171441225233
-13.823316685889113,-13.823316685889113,2024-06-05 06:20:00,1,81.70008434947772,0,-7.20651121269371,-20.440122159084517
-13.358461266557713,-13.358461266557713,2024-06-05 06:25:00,1,81.70008434947772,0,-6.74165579336231,-19.975266739753117
-13.096725365883461,-13.096725365883461,2024-06-05 06:30:00,1,81.70008434947772,0,-6.479919892688058,-19.713530839078864
-13.43567955425941,-13.43567955425941,2024-06-05 06:35:00,1,81.70008434947772,0,-6.818874081064007,-20.052485027454814
-14.026102132136502,-14.026102132136502,2024-06-05 06:40:00,1,81.70008434947772,0,-7.409296658941099,-20.642907605331906
-14.938984587766727,-14.938984587766727,2024-06-05 06:45:00,1,81.70008434947772,0,-8.322179114571323,-21.55579006096213
-15.62185027486594,-15.62185027486594,2024-06-05 06:50:00,1,81.70008434947772,0,-9.005044801670536,-22.238655748061344
-15.9757548419624,-15.9757548419624,2024-06-05 06:55:00,1,81.70008434947772,0,-9.358949368766996,-22.592560315157804
-12.51646551088027,-12.51646551088027,2024-06-05 07:00:00,1,81.70008434947772,0,-5.899660037684867,-19.133270984075672
-7.2676961783286975,-7.2676961783286975,2024-06-05 07:05:00,1,81.70008434947772,0,-0.6508907051332944,-13.8845016515241
-2.3695100762035732,-2.3695100762035732,2024-06-05 07:10:00,1,81.70008434947772,0,4.24729539699183,-8.986315549398977
3.2184357726481028,3.2184357726481028,2024-06-05 07:15:00,1,81.70008434947772,0,9.835241245843505,-3.3983697005473004
8.190136637261357,8.190136637261357,2024-06-05 07:20:00,1,81.70008434947772,0,14.80694211045676,1.5733311640659542
13.426398876806157,13.426398876806157,2024-06-05 07:25:00,1,81.70008434947772,0,20.04320435000156,6.809593403610754
17.980799647356363,17.980799647356363,2024-06-05 07:30:00,1,81.70008434947772,0,24.597605120551766,11.363994174160961
21.72464406766572,21.72464406766572,2024-06-05 07:35:00,1,81.70008434947772,0,28.341449540861124,15.10783859447032
25.792376967160934,25.792376967160934,2024-06-05 07:40:00,1,81.70008434947772,0,32.40918244035634,19.17557149396553
28.78772358263666,28.78772358263666,2024-06-05 07:45:00,1,81.70008434947772,0,35.404529055832064,22.170918109441256
30.90801356680495,30.90801356680495,2024-06-05 07:50:00,1,81.70008434947772,0,37.52481904000035,24.291208093609548
33.289706563605044,33.289706563605044,2024-06-05 07:55:00,1,81.70008434947772,0,39.90651203680045,26.672901090409642
34.3615388890807,34.3615388890807,2024-06-05 08:00:00,1,81.70008434947772,0,40.978344362276104,27.744733415885296
36.14459718508792,36.14459718508792,2024-06-05 08:05:00,1,81.70008434947772,0,42.76140265828332,29.527791711892515
37.37596716607016,37.37596716607016,2024-06-05 08:10:00,1,81.70008434947772,0,43.99277263926557,30.75916169287476
39.3242862533971,39.3242862533971,2024-06-05 08:15:00,1,81.70008434947772,0,45.941091726592504,32.70748078020169
41.69879012484777,41.69879012484777,2024-06-05 08:20:00,1,81.70008434947772,0,48.315595598043174,35.08198465165236
42.833628877510655,42.833628877510655,2024-06-05 08:25:00,1,81.70008434947772,0,49.45043435070606,36.21682340431525
43.70978301157438,43.70978301157438,2024-06-05 08:30:00,1,81.70008434947772,0,50.326588484769786,37.092977538378975
45.01554183985758,45.01554183985758,2024-06-05 08:35:00,1,81.70008434947772,0,51.63234731305299,38.39873636666218
45.707974977668336,45.707974977668336,2024-06-05 08:40:00,1,81.70008434947772,0,52.32478045086374,39.09116950447293
46.21214917206388,46.21214917206388,2024-06-05 08:45:00,1,81.70008434947772,0,52.82895464525929,39.595343698868476
46.44723509531659,46.44723509531659,2024-06-05 08:50:00,1,81.70008434947772,0,53.064040568512,39.83042962212119
45.98983635335839,45.98983635335839,2024-06-05 08:55:00,1,81.70008434947772,0,52.6066418265538,39.373030880162986
44.87388635312029,44.87388635312029,2024-06-05 09:00:00,1,81.70008434947772,0,51.4906918263157,38.257080879924885
45.39217877894348,45.39217877894348,2024-06-05 09:05:00,1,81.70008434947772,0,52.00898425213889,38.775373305748076
45.84784027445043,45.84784027445043,2024-06-05 09:10:00,1,81.70008434947772,0,52.46464574764583,39.23103480125502
46.30031273216904,46.30031273216904,2024-06-05 09:15:00,1,81.70008434947772,0,52.917118205364446,39.683507258973634
46.4497454913599,46.4497454913599,2024-06-05 09:20:00,1,81.70008434947772,0,53.066550964555304,39.83294001816449
46.21880134187192,46.21880134187192,2024-06-05 09:25:00,1,81.70008434947772,0,52.83560681506732,39.60199586867651
45.7994989906747,45.7994989906747,2024-06-05 09:30:00,1,81.70008434947772,0,52.416304463870105,39.182693517479294
45.70877509102781,45.70877509102781,2024-06-05 09:35:00,1,81.70008434947772,0,52.325580564223216,39.091969617832405
44.973361152200916,44.973361152200916,2024-06-05 09:40:00,1,81.70008434947772,0,51.59016662539632,38.35655567900551
44.838648877303434,44.838648877303434,2024-06-05 09:45:00,1,81.70008434947772,0,51.45545435049884,38.22184340410803
45.15596604128415,45.15596604128415,2024-06-05 09:50:00,1,81.70008434947772,0,51.77277151447956,38.53916056808875
44.87202003084385,44.87202003084385,2024-06-05 09:55:00,1,81.70008434947772,0,51.488825504039255,38.25521455764844
43.854226432046595,43.854226432046595,2024-06-05 10:00:00,1,81.70008434947772,0,50.471031905242,37.23742095885119
45.01883403835533,45.01883403835533,2024-06-05 10:05:00,1,81.70008434947772,0,51.635639511550735,38.402028565159924
46.85432515927369,46.85432515927369,2024-06-05 10:10:00,1,81.70008434947772,0,53.4711306324691,40.237519686078286
48.58748248471276,48.58748248471276,2024-06-05 10:15:00,1,81.70008434947772,0,55.204287957908164,41.97067701151735
50.21496569699239,50.21496569699239,2024-06-05 10:20:00,1,81.70008434947772,0,56.83177117018779,43.59816022379698
51.480611374846724,51.480611374846724,2024-06-05 10:25:00,1,81.70008434947772,0,58.09741684804213,44.86380590165132
52.42880123822287,52.42880123822287,2024-06-05 10:30:00,1,81.70008434947772,0,59.04560671141827,45.81199576502746
52.98593458949231,52.98593458949231,2024-06-05 10:35:00,1,81.70008434947772,0,59.602740062687715,46.369129116296904
54.31785946770106,54.31785946770106,2024-06-05 10:40:00,1,81.70008434947772,0,60.93466494089647,47.701053994505656
54.38965228587936,54.38965228587936,2024-06-05 10:45:00,1,81.70008434947772,0,61.00645775907476,47.77284681268395
54.49534231803069,54.49534231803069,2024-06-05 10:50:00,1,81.70008434947772,0,61.11214779122609,47.87853684483528
54.57996961947834,54.57996961947834,2024-06-05 10:55:00,1,81.70008434947772,0,61.19677509267375,47.963164146282935
53.58558262314515,53.58558262314515,2024-06-05 11:00:00,1,81.70008434947772,0,60.202388096340556,46.968777149949744
54.04911042087651,54.04911042087651,2024-06-05 11:05:00,1,81.70008434947772,0,60.665915894071915,47.432304947681104
54.70090065084921,54.70090065084921,2024-06-05 11:10:00,1,81.70008434947772,0,61.31770612404462,48.08409517765381
56.40791782952858,56.40791782952858,2024-06-05 11:15:00,1,81.70008434947772,0,63.024723302723984,49.79111235633317
58.10926918822921,58.10926918822921,2024-06-05 11:20:00,1,81.70008434947772,0,64.72607466142462,51.49246371503381
58.44751538158159,58.44751538158159,2024-06-05 11:25:00,1,81.70008434947772,0,65.064320854777,51.83070990838618
59.33145082172158,59.33145082172158,2024-06-05 11:30:00,1,81.70008434947772,0,65.94825629491699,52.714645348526176
59.727618449700095,59.727618449700095,2024-06-05 11:35:00,1,81.70008434947772,0,66.3444239228955,53.11081297650469
59.57521810968846,59.57521810968846,2024-06-05 11:40:00,1,81.70008434947772,0,66.19202358288386,52.95841263649305
60.16931722234421,60.16931722234421,2024-06-05 11:45:00,1,81.70008434947772,0,66.78612269553962,53.552511749148806
59.94746147036435,59.94746147036435,2024-06-05 11:50:00,1,81.70008434947772,0,66.56426694355976,53.33065599716895
59.4701838116059,59.4701838116059,2024-06-05 11:55:00,1,81.70008434947772,0,66.0869892848013,52.853378338410494
58.629237501082294,58.629237501082294,2024-06-05 12:00:00,1,81.70008434947772,0,65.2460429742777,52.01243202788689
59.361812009013086,59.361812009013086,2024-06-05 12:05:00,1,81.70008434947772,0,65.97861748220849,52.74500653581768
60.09802669912805,60.09802669912805,2024-06-05 12:10:00,1,81.70008434947772,0,66.71483217232345,53.48122122593264
61.182919682336724,61.182919682336724,2024-06-05 12:15:00,1,81.70008434947772,0,67.79972515553213,54.56611420914132
61.90643091427595,61.90643091427595,2024-06-05 12:20:00,1,81.70008434947772,0,68.52323638747136,55.289625441080545
62.62032803740824,62.62032803740824,2024-06-05 12:25:00,1,81.70008434947772,0,69.23713351060364,56.00352256421284
62.6742045515342,62.6742045515342,2024-06-05 12:30:00,1,81.70008434947772,0,69.2910100247296,56.0573990783388
62.63044314170163,62.63044314170163,2024-06-05 12:35:00,1,81.70008434947772,0,69.24724861489703,56.01363766850623
62.41949540274448,62.41949540274448,2024-06-05 12:40:00,1,81.70008434947772,0,69.03630087593989,55.802689929549075
61.84371562346232,61.84371562346232,2024-06-05 12:45:00,1,81.70008434947772,0,68.46052109665773,55.22691015026692
61.30540942056246,61.30540942056246,2024-06-05 12:50:00,1,81.70008434947772,0,67.92221489375787,54.688603947367056
59.78027968670617,59.78027968670617,2024-06-05 12:55:00,1,81.70008434947772,0,66.39708515990158,53.16347421351077
58.10202180724975,58.10202180724975,2024-06-05 13:00:00,1,81.70008434947772,0,64.71882728044515,51.48521633405434
58.905476749212376,58.905476749212376,2024-06-05 13:05:00,1,81.70008434947772,0,65.52228222240778,52.28867127601697
59.49705019497484,59.49705019497484,2024-06-05 13:10:00,1,81.70008434947772,0,66.11385566817025,52.880244721779434
60.1221796722646,60.1221796722646,2024-06-05 13:15:00,1,81.70008434947772,0,66.73898514546,53.505374199069195
60.68635603177564,60.68635603177564,2024-06-05 13:20:00,1,81.70008434947772,0,67.30316150497104,54.06955055858023
61.07383038580435,61.07383038580435,2024-06-05 13:25:00,1,81.70008434947772,0,67.69063585899976,54.457024912608944
61.61802578082601,61.61802578082601,2024-06-05 13:30:00,1,81.70008434947772,0,68.23483125402142,55.001220307630604
62.10559228804721,62.10559228804721,2024-06-05 13:35:00,1,81.70008434947772,0,68.72239776124262,55.48878681485181
62.31263997731063,62.31263997731063,2024-06-05 13:40:00,1,81.70008434947772,0,68.92944545050604,55.695834504115226
62.00139162240689,62.00139162240689,2024-06-05 13:45:00,1,81.70008434947772,0,68.6181970956023,55.384586149211486
61.293180357168644,61.293180357168644,2024-06-05 13:50:00,1,81.70008434947772,0,67.90998583036405,54.67637488397324
60.51028875762183,60.51028875762183,2024-06-05 13:55:00,1,81.70008434947772,0,67.12709423081724,53.893483284426424
58.73965014886162,58.73965014886162,2024-06-05 14:00:00,1,81.70008434947772,0,65.35645562205703,52.122844675666215
58.39338597123689,58.39338597123689,2024-06-05 14:05:00,1,81.70008434947772,0,65.0101914444323,51.77658049804148
58.126561089833906,58.126561089833906,2024-06-05 14:10:00,1,81.70008434947772,0,64.74336656302931,51.5097556166385
58.809493530694745,58.809493530694745,2024-06-05 14:15:00,1,81.70008434947772,0,65.42629900389015,52.19268805749934
58.72208892121106,58.72208892121106,2024-06-05 14:20:00,1,81.70008434947772,0,65.33889439440647,52.105283448015655
58.46991700722942,58.46991700722942,2024-06-05 14:25:00,1,81.70008434947772,0,65.08672248042483,51.853111534034014
58.49752980839299,58.49752980839299,2024-06-05 14:30:00,1,81.70008434947772,0,65.1143352815884,51.880724335197584
58.80366082920933,58.80366082920933,2024-06-05 14:35:00,1,81.70008434947772,0,65.42046630240473,52.18685535601392
58.70418697092081,58.70418697092081,2024-06-05 14:40:00,1,81.70008434947772,0,65.32099244411621,52.0873814977254
59.18013472198954,59.18013472198954,2024-06-05 14:45:00,1,81.70008434947772,0,65.79694019518494,52.56332924879413
59.024420043102715,59.024420043102715,2024-06-05 14:50:00,1,81.70008434947772,0,65.64122551629812,52.40761456990731
59.17302571499699,59.17302571499699,2024-06-05 14:55:00,1,81.70008434947772,0,65.7898311881924,52.55622024180158
58.64484458630714,58.64484458630714,2024-06-05 15:00:00,1,81.70008434947772,0,65.26165005950254,52.02803911311173
60.03433398747209,60.03433398747209,2024-06-05 15:05:00,1,81.70008434947772,0,66.6511394606675,53.41752851427668
61.6022013372259,61.6022013372259,2024-06-05 15:10:00,1,81.70008434947772,0,68.2190068104213,54.985395864030494
63.247851189045676,63.247851189045676,2024-06-05 15:15:00,1,81.70008434947772,0,69.86465666224107,56.63104571585027
65.14627286811691,65.14627286811691,2024-06-05 15:20:00,1,81.70008434947772,0,71.76307834131231,58.529467394921504
65.9953535734646,65.9953535734646,2024-06-05 15:25:00,1,81.70008434947772,0,72.61215904666,59.37854810026919
66.80033354059208,66.80033354059208,2024-06-05 15:30:00,1,81.70008434947772,0,73.41713901378748,60.18352806739667
66.82239294678945,66.82239294678945,2024-06-05 15:35:00,1,81.70008434947772,0,73.43919841998485,60.20558747359404
67.40121992157614,67.40121992157614,2024-06-05 15:40:00,1,81.70008434947772,0,74.01802539477154,60.78441444838074
67.40887301759992,67.40887301759992,2024-06-05 15:45:00,1,81.70008434947772,0,74.02567849079531,60.79206754440451
67.72553004344223,67.72553004344223,2024-06-05 15:50:00,1,81.70008434947772,0,74.34233551663763,61.10872457024683
67.50149155019369,67.50149155019369,2024-06-05 15:55:00,1,81.70008434947772,0,74.11829702338909,60.884686076998285
66.24308190339647,66.24308190339647,2024-06-05 16:00:00,1,81.70008434947772,0,72.85988737659187,59.62627643020107
67.31646732070337,67.31646732070337,2024-06-05 16:05:00,1,81.70008434947772,0,73.93327279389877,60.69966184750796
68.50277090142788,68.50277090142788,2024-06-05 16:10:00,1,81.70008434947772,0,75.11957637462328,61.885965428232474
69.66467930041355,69.66467930041355,2024-06-05 16:15:00,1,81.70008434947772,0,76.28148477360895,63.04787382721815
70.90301703143169,70.90301703143169,2024-06-05 16:20:00,1,81.70008434947772,0,77.51982250462709,64.28621155823629
71.97082992347748,71.97082992347748,2024-06-05 16:25:00,1,81.70008434947772,0,78.58763539667288,65.35402445028208
73.28953251247685,73.28953251247685,2024-06-05 16:30:00,1,81.70008434947772,0,79.90633798567225,66.67272703928145
73.86480261217378,73.86480261217378,2024-06-05 16:35:00,1,81.70008434947772,0,80.48160808536917,67.24799713897838
74.26789877097698,74.26789877097698,2024-06-05 16:40:00,1,81.70008434947772,0,80.88470424417238,67.65109329778159
74.56974262778846,74.56974262778846,2024-06-05 16:45:00,1,81.70008434947772,0,81.18654810098386,67.95293715459306
74.92316434017695,74.92316434017695,2024-06-05 16:50:00,1,81.70008434947772,0,81.53996981337235,68.30635886698155
74.54330335876566,74.54330335876566,2024-06-05 16:55:00,1,81.70008434947772,0,81.16010883196105,67.92649788557026
73.27088436805653,73.27088436805653,2024-06-05 17:00:00,1,81.70008434947772,0,79.88768984125193,66.65407889486113
73.92088615332261,73.92088615332261,2024-06-05 17:05:00,1,81.70008434947772,0,80.53769162651801,67.30408068012721
74.86866063304979,74.86866063304979,2024-06-05 17:10:00,1,81.70008434947772,0,81.48546610624518,68.25185515985439
75.49043405102054,75.49043405102054,2024-06-05 17:15:00,1,81.70008434947772,0,82.10723952421594,68.87362857782514
76.63000919404868,76.63000919404868,2024-06-05 17:20:00,1,81.70008434947772,0,83.24681466724408,70.01320372085328
77.192609504702,77.192609504702,2024-06-05 17:25:00,1,81.70008434947772,0,83.8094149778974,70.5758040315066
78.2933313658151,78.2933313658151,2024-06-05 17:30:00,1,81.70008434947772,0,84.9101368390105,71.67652589261971
79.05672465708057,79.05672465708057,2024-06-05 17:35:00,1,81.70008434947772,0,85.67353013027596,72.43991918388517
80.45583275497918,80.45583275497918,2024-06-05 17:40:00,1,81.70008434947772,0,87.07263822817458,73.83902728178379
80.7607442599504,80.7607442599504,2024-06-05 17:45:00,1,81.70008434947772,0,87.3775497331458,74.143938786755
81.04057930369845,81.04057930369845,2024-06-05 17:50:00,1,81.70008434947772,0,87.65738477689385,74.42377383050305
81.70008434947772,81.70008434947772,2024-06-05 17:55:00,1,81.70008434947772,1,88.31688982267312,75.08327887628232
80.95578172850512,80.95578172850512,2024-06-05 18:00:00,1,81.70008434947772,0,87.57258720170051,74.33897625530972
80.20488057497656,80.20488057497656,2024-06-05 18:05:00,1,81.70008434947772,0,86.821686048171955,73.58807510178116
80.54347529865143,80.54347529865143,2024-06-05 18:10:00,1,81.70008434947772,0,87.16028077184683,73.92666982545603
79.75090194588128,79.75090194588128,2024-06-05 18:15:00,1,81.70008434947772,0,86.36770741907668,73.13409647268588
79.530941544867,79.530941544867,2024-06-05 18:20:00,1,81.70008434947772,0,86.1477470180624,72.9141360716716
78.49869418983889,78.49869418983889,2024-06-05 18:25:00,1,81.70008434947772,0,85.11549966303429,71.88188871664349
77.2755152234044,77.2755152234044,2024-06-05 18:30:00,1,81.70008434947772,0,83.8923206965998,70.658709750209
76.41313987712763,76.41313987712763,2024-06-05 18:35:00,1,81.70008434947772,0,83.02994535032303,69.79633440393224
76.0120301894323,76.0120301894323,2024-06-05 18:40:00,1,81.70008434947772,0,82.6288356626277,69.3952247162369
75.59913926738028,75.59913926738028,2024-06-05 18:45:00,1,81.70008434947772,0,82.21594474057568,68.98233379418488
74.21006490917912,74.21006490917912,2024-06-05 18:50:00,1,81.70008434947772,0,80.82687038237452,67.59325943598373
72.50741236009404,72.50741236009404,2024-06-05 18:55:00,1,81.70008434947772,0,79.12421783328944,65.89060688689864
70.60994575758707,70.60994575758707,2024-06-05 19:00:00,1,81.70008434947772,0,77.22675123078247,63.993140284391664
70.87991165046091,70.87991165046091,2024-06-05 19:05:00,1,81.70008434947772,0,77.49671712365631,64.26310617726551
70.6157591749652,70.6157591749652,2024-06-05 19:10:00,1,81.70008434947772,0,77.2325646481606,63.9989537017698
70.012841926362,70.012841926362,2024-06-05 19:15:00,1,81.70008434947772,0,76.6296473995574,63.396036453166595
69.81191592345257,69.81191592345257,2024-06-05 19:20:00,1,81.70008434947772,0,76.42872139664797,63.19511045025717
68.98508145032045,68.98508145032045,2024-06-05 19:25:00,1,81.70008434947772,0,75.60188692351585,62.368275977125045
67.83757839839237,67.83757839839237,2024-06-05 19:30:00,1,81.70008434947772,0,74.45438387158777,61.22077292519696
66.50508369475469,66.50508369475469,2024-06-05 19:35:00,1,81.70008434947772,0,73.12188916795009,59.88827822155928
65.25383549795865,65.25383549795865,2024-06-05 19:40:00,1,81.70008434947772,0,71.87064097115405,58.63703002476324
63.595182573686124,63.595182573686124,2024-06-05 19:45:00,1,81.70008434947772,0,70.21198804688153,56.97837710049072
61.50925727486359,61.50925727486359,2024-06-05 19:50:00,1,81.70008434947772,0,68.126062748059,54.89245180166819
59.7814940974586,59.7814940974586,2024-06-05 19:55:00,1,81.70008434947772,0,66.398299570654,53.16468862426319
57.20518574914562,57.20518574914562,2024-06-05 20:00:00,1,81.70008434947772,0,63.821991222341026,50.588380275950215
56.56241709854377,56.56241709854377,2024-06-05 20:05:00,1,81.70008434947772,0,63.179222571739174,49.94561162534836
56.89511533683743,56.89511533683743,2024-06-05 20:10:00,1,81.70008434947772,0,63.511920810032834,50.27830986364202
56.631775435071155,56.631775435071155,2024-06-05 20:15:00,1,81.70008434947772,0,63.24858090826656,50.01496996187575
57.001640482960035,57.001640482960035,2024-06-05 20:20:00,1,81.70008434947772,0,63.61844595615544,50.38483500976463
56.409091711721096,56.409091711721096,2024-06-05 20:25:00,1,81.70008434947772,0,63.0258971849165,49.79228623852569
55.12012755366266,55.12012755366266,2024-06-05 20:30:00,1,81.70008434947772,0,61.73693302685807,48.50332208046726
54.55546541916616,54.55546541916616,2024-06-05 20:35:00,1,81.70008434947772,0,61.17227089236157,47.938659945970755
53.854258882306716,53.854258882306716,2024-06-05 20:40:00,1,81.70008434947772,0,60.47106435550212,47.23745340911131
53.45309575272109,53.45309575272109,2024-06-05 20:45:00,1,81.70008434947772,0,60.069901225916496,46.836290279525684
53.149076422793264,53.149076422793264,2024-06-05 20:50:00,1,81.70008434947772,0,59.76588189598867,46.53227094959786
52.780437416675944,52.780437416675944,2024-06-05 20:55:00,1,81.70008434947772,0,59.39724288987135,46.16363194348054
51.01611649269001,51.01611649269001,2024-06-05 21:00:00,1,81.70008434947772,0,57.632921965885416,44.399311019494604
50.91999906692113,50.91999906692113,2024-06-05 21:05:00,1,81.70008434947772,0,57.536804540116535,44.30319359372572
51.15384247746011,51.15384247746011,2024-06-05 21:10:00,1,81.70008434947772,0,57.770647950655516,44.537037004264704
50.84678298009042,50.84678298009042,2024-06-05 21:15:00,1,81.70008434947772,0,57.46358845328582,44.22997750689501
50.282040609561484,50.282040609561484,2024-06-05 21:20:00,1,81.70008434947772,0,56.89884608275689,43.66523513636608
48.979154698868264,48.979154698868264,2024-06-05 21:25:00,1,81.70008434947772,0,55.59596017206367,42.36234922567286
46.82162700794061,46.82162700794061,2024-06-05 21:30:00,1,81.70008434947772,0,53.43843248113602,40.20482153474521
44.8632836566938,44.8632836566938,2024-06-05 21:35:00,1,81.70008434947772,0,51.48008912988921,38.2464781834984
42.85347442251173,42.85347442251173,2024-06-05 21:40:00,1,81.70008434947772,0,49.47027989570714,36.236668949316325
40.68583839196702,40.68583839196702,2024-06-05 21:45:00,1,81.70008434947772,0,47.30264386516242,34.06903291877161
37.36082746761186,37.36082746761186,2024-06-05 21:50:00,1,81.70008434947772,0,43.97763294080727,30.74402199441646
33.76248731314623,33.76248731314623,2024-06-05 21:55:00,1,81.70008434947772,0,40.37929278634164,27.14568183995083
29.135722615679043,29.135722615679043,2024-06-05 22:00:00,1,81.70008434947772,0,35.75252808887445,22.51891714248364
26.196435002834193,26.196435002834193,2024-06-05 22:05:00,1,81.70008434947772,0,32.8132404760296,19.57962952963879
23.667198964945754,23.667198964945754,2024-06-05 22:10:00,1,81.70008434947772,0,30.284004438141157,17.050393491750352
21.32429835059044,21.32429835059044,2024-06-05 22:15:00,1,81.70008434947772,0,27.94110382378584,14.707492877395037
19.085261865444423,19.085261865444423,2024-06-05 22:20:00,1,81.70008434947772,0,25.702067338639825,12.46845639224902
16.655025793509267,16.655025793509267,2024-06-05 22:25:00,1,81.70008434947772,0,23.27183126670467,10.038220320313865
13.735043412398067,13.735043412398067,2024-06-05 22:30:00,1,81.70008434947772,0,20.35184888559347,7.118237939202664
10.619430783980999,10.619430783980999,2024-06-05 22:35:00,1,81.70008434947772,0,17.2362362571764,4.002625310785596
7.431243349795489,7.431243349795489,2024-06-05 22:40:00,1,81.70008434947772,0,14.048048822990893,0.8144378766000857
3.8241171491977424,3.8241171491977424,2024-06-05 22:45:00,1,81.70008434947772,0,10.440922622393146,-2.7926883239976608
3.8241171491977424,-0.24343137867348186,2024-06-05 22:50:00,0,81.70008434947772,0,NA,NA
